Nome,Cognome,Email
John,Doe,johndoe@example.com
Jane,Smith,janesmith@example.com
Michael,Johnson,michaeljohnson@example.com
Emily,Williams,emilywilliams@example.com
William,Brown,williambrown@example.com
Emma,Jones,emmajones@example.com
James,Garcia,jamesgarcia@example.com
Olivia,Martinez,oliviamartinez@example.com
Alexander,Miller,alexandermiller@example.com
Sophia,Davis,sophiadavis@example.com
Daniel,Rodriguez,danielrodriguez@example.com
Isabella,Martinez,isabellamartinez@example.com
David,Hernandez,davidhernandez@example.com
Mia,Lopez,mialopez@example.com
Joseph,Gonzalez,josephgonzalez@example.com
Abigail,Wilson,abigailwilson@example.com
John,Anderson,johnanderson@example.com
Ella,Thomas,ellathomas@example.com
Matthew,Moore,matthewmoore@example.com
Charlotte,Garcia,charlottegarcia@example.com
William,Lee,williamlee@example.com
Amelia,Perez,ameliaperez@example.com
James,Thompson,jamesthompson@example.com
Sofia,Hall,sofiahall@example.com
Benjamin,Young,benjaminyoung@example.com
Ava,King,avaking@example.com
Logan,Wright,loganwright@example.com
Harper,Scott,harperscott@example.com
Samuel,Green,samuelgreen@example.com
Evelyn,Adams,evelynadams@example.com
Daniel,Baker,danielbaker@example.com
Victoria,Hill,victoriahill@example.com
Jackson,Gomez,jacksongomez@example.com
Madison,Carter,madisoncarter@example.com
Liam,Mitchell,liammitchell@example.com
Lily,Perez,lilyperez@example.com
Lucas,Rivera,lucasrivera@example.com
Grace,Ward,graceward@example.com
Alexander,Turner,alexanderturner@example.com
Chloe,Campbell,chloecampbell@example.com
Ryan,Parker,ryanparker@example.com
Zoe,Evans,zoevans@example.com
Nathan,Collins,nathancollins@example.com
Avery,Stewart,averystewart@example.com
Ella,Sanchez,ellasanchez@example.com
Luke,Morris,lukemorris@example.com
Scarlett,Rogers,scarlettrogers@example.com
Brandon,Perry,brandonperry@example.com
Sophie,Reed,sophiereed@example.com
Owen,Bell,owenbell@example.com